Similarity,k,RMSE,MAE,Rounded_Accuracy
cosine,3,1.049144,0.7764208,0.6
cosine,5,1.115880,0.7928518,0.5
cosine,10,1.088645,0.8268106,0.4
cosine,20,1.080632,0.8113918,0.6
L2,3,1.232339,0.8748830,0.5
L2,5,1.212395,0.8458676,0.5
L2,10,1.258693,0.8074147,0.6
L2,20,1.199227,0.7278715,0.6

