User ID,Movie ID,Highest Rating
196,64,4.24656393477016
186,313,4.60968426781676
22,1,4.33432822186426
244,483,4.67168002214678
166,228,3.89983271600903
298,192,4.45161172732633
115,169,5.0
253,195,4.127183474125
305,23,4.35571545558406
6,654,4.67180577723681
